{"loss": [0.39404547214508057, 0.36006277799606323, 0.34814637899398804, 0.34204232692718506, 0.3395597040653229, 0.3350231349468231, 0.3342655301094055, 0.3322603702545166, 0.3300156891345978, 0.3253636360168457, 0.32796478271484375, 0.32344454526901245, 0.320406436920166, 0.3195255994796753, 0.31533581018447876, 0.3138309717178345, 0.3113352060317993, 0.3097997307777405, 0.3069515526294708, 0.30491650104522705, 0.304586797952652, 0.30237817764282227, 0.3021138906478882, 0.29448696970939636, 0.29625359177589417, 0.2953055202960968, 0.28983598947525024, 0.2881457805633545, 0.2897484302520752, 0.2862594425678253, 0.2862122654914856, 0.28073251247406006, 0.2813517153263092, 0.27851250767707825, 0.2758842706680298, 0.2771138548851013, 0.27429676055908203, 0.2690431773662567, 0.2681323289871216, 0.27214884757995605, 0.26519641280174255, 0.2660978436470032, 0.2623755633831024, 0.2625407576560974, 0.2613462209701538, 0.26174962520599365, 0.25383415818214417, 0.2565096914768219, 0.25751033425331116, 0.2524318993091583, 0.2542283535003662], "accuracy": [0.8327500224113464, 0.8529999852180481, 0.8579999804496765, 0.8616250157356262, 0.8600000143051147, 0.8647500276565552, 0.8617500066757202, 0.8621249794960022, 0.8663750290870667, 0.8665000200271606, 0.8648750185966492, 0.8651250004768372, 0.8697500228881836, 0.8688750267028809, 0.8698750138282776, 0.8698750138282776, 0.8722500205039978, 0.8721250295639038, 0.8712499737739563, 0.8702499866485596, 0.8742499947547913, 0.8726249933242798, 0.8732500076293945, 0.878000020980835, 0.875249981880188, 0.8765000104904175, 0.878250002861023, 0.8778749704360962, 0.8783749938011169, 0.8777499794960022, 0.8778749704360962, 0.8811249732971191, 0.8793749809265137, 0.8797500133514404, 0.8808749914169312, 0.8807500004768372, 0.8841249942779541, 0.8858749866485596, 0.8847500085830688, 0.8834999799728394, 0.8886250257492065, 0.8883749842643738, 0.8861250281333923, 0.8870000243186951, 0.8867499828338623, 0.8881250023841858, 0.890999972820282, 0.8882499933242798, 0.8895000219345093, 0.8896250128746033, 0.8881250023841858], "val_loss": [0.35403984785079956, 0.3505260944366455, 0.3505222499370575, 0.3578512966632843, 0.34392493963241577, 0.3491023778915405, 0.34864288568496704, 0.3441813886165619, 0.3397934138774872, 0.34992268681526184, 0.3397391140460968, 0.3551018238067627, 0.3568625748157501, 0.3457956910133362, 0.35382676124572754, 0.34349754452705383, 0.3434130847454071, 0.3545911908149719, 0.3591216206550598, 0.3806648552417755, 0.35661080479621887, 0.3524029850959778, 0.35447564721107483, 0.3660414516925812, 0.3656568229198456, 0.3677140772342682, 0.36559823155403137, 0.3678824305534363, 0.37127918004989624, 0.3712925612926483, 0.3749690651893616, 0.39213621616363525, 0.3834025263786316, 0.3957723081111908, 0.40175679326057434, 0.4144056439399719, 0.39089322090148926, 0.40902334451675415, 0.415435254573822, 0.41517138481140137, 0.41923969984054565, 0.44545552134513855, 0.4229929745197296, 0.40322205424308777, 0.436319500207901, 0.4075874984264374, 0.44080212712287903, 0.4376820921897888, 0.4578375518321991, 0.44895532727241516, 0.4651912450790405], "val_accuracy": [0.8535000085830688, 0.8550000190734863, 0.8569999933242798, 0.8585000038146973, 0.8575000166893005, 0.8554999828338623, 0.8575000166893005, 0.8615000247955322, 0.8554999828338623, 0.8560000061988831, 0.8560000061988831, 0.8544999957084656, 0.8610000014305115, 0.8650000095367432, 0.8585000038146973, 0.8619999885559082, 0.8610000014305115, 0.8575000166893005, 0.8569999933242798, 0.8560000061988831, 0.8604999780654907, 0.8610000014305115, 0.8615000247955322, 0.8650000095367432, 0.8629999756813049, 0.8619999885559082, 0.8579999804496765, 0.8604999780654907, 0.8634999990463257, 0.8634999990463257, 0.8569999933242798, 0.8510000109672546, 0.8604999780654907, 0.862500011920929, 0.8585000038146973, 0.8615000247955322, 0.8579999804496765, 0.8544999957084656, 0.8529999852180481, 0.8604999780654907, 0.8535000085830688, 0.8485000133514404, 0.8519999980926514, 0.8579999804496765, 0.8610000014305115, 0.8604999780654907, 0.8504999876022339, 0.8519999980926514, 0.8569999933242798, 0.8519999980926514, 0.8565000295639038]}